"Einzelpublikation","Sammelpublikation (z.B. Sammelband)","Datenpublikation (in Form einer Datenbank)","Programm/Software"
,,,
,Publiziere ich vorwiegend,,
Publiziere ich vorwiegend,Würde ich gern noch mehr publizieren,,
Würde ich gern noch mehr publizieren,Würde ich gern noch mehr publizieren,,
Würde ich gern noch mehr publizieren,Würde ich gern noch mehr publizieren,,
Würde ich gern noch mehr publizieren,Würde ich gern noch mehr publizieren,,
Würde ich gern noch mehr publizieren,Publiziere ich vorwiegend,,
Würde ich gern noch mehr publizieren,Publiziere ich vorwiegend,Würde ich gern noch mehr publizieren,
Würde ich gern noch mehr publizieren,Publiziere ich vorwiegend,,
Würde ich gern noch mehr publizieren,Publiziere ich vorwiegend,Würde ich gern noch mehr publizieren,
Würde ich gern noch mehr publizieren,Publiziere ich vorwiegend,Publiziere ich vorwiegend,
,Publiziere ich vorwiegend,Würde ich gern noch mehr publizieren,
Publiziere ich vorwiegend,,,Würde ich gern noch mehr publizieren
,Publiziere ich vorwiegend,,
,,Publiziere ich vorwiegend,
,,,
Würde ich gern noch mehr publizieren,Publiziere ich vorwiegend,,
Würde ich gern noch mehr publizieren,Publiziere ich vorwiegend,,
Publiziere ich vorwiegend,Publiziere ich vorwiegend,,
,,,
,,,
,,,
Würde ich gern noch mehr publizieren,Publiziere ich vorwiegend,,
,,,
,,,Publiziere ich vorwiegend
,,,
Würde ich gern noch mehr publizieren,Publiziere ich vorwiegend,,
,,,
Publiziere ich vorwiegend,Publiziere ich vorwiegend,,
,,,
Publiziere ich vorwiegend,,Publiziere ich vorwiegend,
,,,
,,,
,,,
,Publiziere ich vorwiegend,Würde ich gern noch mehr publizieren,Würde ich gern noch mehr publizieren
Publiziere ich vorwiegend,Publiziere ich vorwiegend,Publiziere ich vorwiegend,
,Publiziere ich vorwiegend,Würde ich gern noch mehr publizieren,
Publiziere ich vorwiegend,Publiziere ich vorwiegend,,
,,,
,,,
Publiziere ich vorwiegend,Publiziere ich vorwiegend,,
Würde ich gern noch mehr publizieren,Würde ich gern noch mehr publizieren,,
,,,
Publiziere ich vorwiegend,Würde ich gern noch mehr publizieren,Würde ich gern noch mehr publizieren,
Publiziere ich vorwiegend,Publiziere ich vorwiegend,,
Publiziere ich vorwiegend,Würde ich gern noch mehr publizieren,,
Publiziere ich vorwiegend,Würde ich gern noch mehr publizieren,,
Würde ich gern noch mehr publizieren,Publiziere ich vorwiegend,Würde ich gern noch mehr publizieren,
Publiziere ich vorwiegend,Publiziere ich vorwiegend,,
Würde ich gern noch mehr publizieren,Würde ich gern noch mehr publizieren,Würde ich gern noch mehr publizieren,
Publiziere ich vorwiegend,Publiziere ich vorwiegend,,Würde ich gern noch mehr publizieren
,,Würde ich gern noch mehr publizieren,
Würde ich gern noch mehr publizieren,Würde ich gern noch mehr publizieren,,
Publiziere ich vorwiegend,,Würde ich gern noch mehr publizieren,Würde ich gern noch mehr publizieren
Würde ich gern noch mehr publizieren,Publiziere ich vorwiegend,,
Würde ich gern noch mehr publizieren,Würde ich gern noch mehr publizieren,,
Publiziere ich vorwiegend,Publiziere ich vorwiegend,,
,,,
Würde ich gern noch mehr publizieren,,Würde ich gern noch mehr publizieren,
Würde ich gern noch mehr publizieren,Würde ich gern noch mehr publizieren,Würde ich gern noch mehr publizieren,Würde ich gern noch mehr publizieren
Publiziere ich vorwiegend,Publiziere ich vorwiegend,,
Publiziere ich vorwiegend,Publiziere ich vorwiegend,,
,,,
,,,
,Würde ich gern noch mehr publizieren,,
,,,
Publiziere ich vorwiegend,Publiziere ich vorwiegend,,
Publiziere ich vorwiegend,,Würde ich gern noch mehr publizieren,Würde ich gern noch mehr publizieren
,Publiziere ich vorwiegend,,
Publiziere ich vorwiegend,Publiziere ich vorwiegend,Würde ich gern noch mehr publizieren,
Publiziere ich vorwiegend,Publiziere ich vorwiegend,,
Publiziere ich vorwiegend,Publiziere ich vorwiegend,,
,Publiziere ich vorwiegend,Würde ich gern noch mehr publizieren,Publiziere ich vorwiegend
Würde ich gern noch mehr publizieren,Publiziere ich vorwiegend,,
Publiziere ich vorwiegend,Würde ich gern noch mehr publizieren,,
,,,
Publiziere ich vorwiegend,Publiziere ich vorwiegend,,
Publiziere ich vorwiegend,,,Publiziere ich vorwiegend
Publiziere ich vorwiegend,Publiziere ich vorwiegend,,
Würde ich gern noch mehr publizieren,Publiziere ich vorwiegend,,
,,,
Publiziere ich vorwiegend,Publiziere ich vorwiegend,,
,,,
Würde ich gern noch mehr publizieren,Würde ich gern noch mehr publizieren,,
Würde ich gern noch mehr publizieren,Publiziere ich vorwiegend,Publiziere ich vorwiegend,
,Publiziere ich vorwiegend,Würde ich gern noch mehr publizieren,
Würde ich gern noch mehr publizieren,Würde ich gern noch mehr publizieren,,
,,Publiziere ich vorwiegend,
Publiziere ich vorwiegend,Publiziere ich vorwiegend,Publiziere ich vorwiegend,Publiziere ich vorwiegend
Publiziere ich vorwiegend,Publiziere ich vorwiegend,Würde ich gern noch mehr publizieren,
Würde ich gern noch mehr publizieren,Publiziere ich vorwiegend,,
,,,
Würde ich gern noch mehr publizieren,Publiziere ich vorwiegend,,
,,,
Würde ich gern noch mehr publizieren,Würde ich gern noch mehr publizieren,,
Würde ich gern noch mehr publizieren,Publiziere ich vorwiegend,,
Publiziere ich vorwiegend,Publiziere ich vorwiegend,,
,Publiziere ich vorwiegend,,
,,,
Publiziere ich vorwiegend,Publiziere ich vorwiegend,,
,Würde ich gern noch mehr publizieren,,
Würde ich gern noch mehr publizieren,Würde ich gern noch mehr publizieren,,
Publiziere ich vorwiegend,Publiziere ich vorwiegend,,
